﻿NULL,Alexander Peartree
NULL,Anna Lee C. Iijima
@bkfiona,Fiona Adams
@gordone_cellars,Jim Gordon
@laurbuzz,Lauren Buzzeo
@paulgwineÂ ,Paul Gregutt
@JoeCz,Joe Czerwinski
@kerinokeefe,Kerin Oâ€™Keefe
@mattkettmann,Matt Kettmann
NULL,Carrie Dykes
@suskostrzewa,Susan Kostrzewa
@vboone,Virginie Boone
@wawinereport,Sean P. Sullivan
@winewchristina,Christina Pickard
@worldwineguys,Jeff Jenssen
NULL,NULL
@AnneInVino,Anne KrebiehlÂ MW
@vossroger,Roger Voss
@wineschach,Michael Schachner
@worldwineguys,Mike DeSimone
